词面相似	idA	朝代A	题A	作者A	来源A	idB	朝代B	题B	作者B	来源B
1.0	c5c17fe63afc	唐	春宫怨	周朴	导入	ff8a45920604	唐	春宫怨	杜荀鹤	导入
1.0	57545aa253c2	唐	行宫	元稹	导入	7ce4c8aa6460	唐	故行宫	王建	导入
0.979	5a763ceb25fa	唐	赤壁	李商隐	导入	927fc9bf4a8f	唐	赤壁	杜牧	导入
0.973	7c1165bef5f2	唐	唐武氏享先庙乐章	则天皇后	导入	8ac87402c58b	唐	郊庙歌辞 武后崇先庙乐章	不详	导入
0.966	48d5dc1b9ee8	唐	和张仆射塞下曲	钱起	导入	642b20f13ed3	唐	和张仆射塞下曲 三	卢纶	导入
0.966	29ba2b743e4d	唐	杂曲歌辞 行路难三首 一	李白	导入	889aa32dab73	唐	行路难三首 一	李白	导入
0.953	b224d956f6ed	唐	关山月	鲍氏君徽	导入	c96e00211173	唐	横吹曲辞 关山月	鲍氏君[徽]微	导入
0.952	11be49e61b74	唐	和晋陵陆丞早春游望	韦应物	导入	7a93bab74f88	唐	和晋陵陆丞早春游望	杜审言	导入
0.943	32445103ed01	唐	登鹳雀楼	王之涣	精编	d0e5c2a9fa8d	唐	登楼	朱斌	导入
0.941	582cbb193cbe	清	菩萨蛮·隔花才歇廉纤雨	纳兰性德	导入	bbe950271f18	清	菩萨蛮·隔花才歇帘纤雨	纳兰性德	导入
0.937	9c504631c64f	唐	唐明堂乐章 皇嗣出入升降	则天皇后	导入	d6633adc7415	唐	郊庙歌辞 武后明堂乐章 皇嗣出入升降	武则天	导入
0.933	6fd76a362388	唐	新年作	刘长卿	导入	be0987d8d89f	唐	新年作	宋之问	导入
0.931	18bdb4817702	唐	琴曲歌辞 霍将军	崔颢	导入	6d70a1676fb9	唐	横吹曲辞 长安道	崔颢	导入
0.928	6bfc24dd715b	唐	唐明堂乐章 宫音	则天皇后	导入	7ebba2a7237b	唐	郊庙歌辞 武后明堂乐章 宫音	武则天	导入
0.926	45f6d4b4a066	唐	郊庙歌辞 武后明堂乐章 外办将出	武则天	导入	fc62529ac953	唐	唐明堂乐章 外办将出	则天皇后	导入
0.924	65abd3c0933d	先秦	孟子·滕文公上 其19	孟子	导入	c1eb4877d1d1	先秦	孟子·滕文公上 其22	孟子	导入
0.923	6310b1fcf8c7	唐	寄人 一	张泌	导入	fb0c252c9ed8	唐	寄人二首  其一	张佖	导入
0.923	2fdfb955fe51	唐	唐明堂乐章 迎送王公	则天皇后	导入	4f98d7f22f01	唐	郊庙歌辞 武后明堂乐章 迎送王公	武则天	导入
0.921	d1c710c4a524	唐	杂曲歌辞 长干曲四首 一	崔颢	导入	f54e7ca16f82	唐	长干曲四首 一	崔颢	导入
0.919	549fe9e724d4	唐	郊庙歌辞 武后明堂乐章 皇帝行	武则天	导入	f4b5577e9082	唐	唐明堂乐章 皇帝行	则天皇后	导入
0.914	ab79377c27df	唐	杂曲歌辞 渭城曲	王维	导入	db191efeb0c1	唐	渭城曲	王维	导入
0.913	9eb8ac539b7f	唐	唐明堂乐章 商音	则天皇后	导入	f6fe0229ac60	唐	郊庙歌辞 武后明堂乐章 商音	武则天	导入
0.913	83469cd2eccd	唐	唐明堂乐章 羽音	则天皇后	导入	c29d2b885684	唐	郊庙歌辞 武后明堂乐章 羽音	武则天	导入
0.911	7c0f1031bb02	唐	唐明堂乐章 徵音	则天皇后	导入	fbd890eb33ac	唐	郊庙歌辞 武后明堂乐章 徵音	武则天	导入
0.911	6569d503707d	清	浣溪沙·藕荡桥边埋钓筒	纳兰性德	导入	bfd7b1ef5621	清	浣溪沙·寄严荪友	纳兰性德	导入
0.909	82032d12e9f2	唐	渡汉江	宋之问	导入	b0cb25b73147	唐	渡汉江	李频	导入
0.909	3c44da9277ac	清	采桑子·梦一场	纳兰性德	导入	a2158ace82b3	清	采桑子·谢家庭院残更立	纳兰性德	导入
0.907	08f57541acae	先秦	孟子·公孙丑下 其54	孟子	导入	21adfc76fbcc	先秦	孟子·公孙丑下 其46	孟子	导入
0.905	526cbc413e08	宋	蝶恋花	张先	导入	5d8e9ba10ada	宋	鹊踏枝・蝶恋花	晏殊	导入
0.905	1ebd1100caec	唐	郊庙歌辞 武后明堂乐章 配飨	武则天	导入	226e147d9a73	唐	唐明堂乐章 配飨	则天皇后	导入
0.904	12f5eb0a3661	唐	杂曲歌辞 长干曲四首 二	崔颢	导入	16b61db18940	唐	长干曲四首 二	崔颢	导入
0.903	6c1f9747d167	唐	静夜思	李白	精编	856db2260aa8	唐	静夜思	李白	导入
0.897	2ef7b3df4e80	唐	唐明堂乐章 角音	则天皇后	导入	3dad2d442803	唐	郊庙歌辞 武后明堂乐章 角音	武则天	导入
0.891	add67a6221a0	唐	郊庙歌辞 武后大享昊天乐章 四	不详	导入	d72a8f124cd2	唐	唐享昊天乐 第四	则天皇后	导入
0.89	a9a69a6b42ff	唐	清平调词三首 二	李白	导入	c109b3fe24fa	唐	清平调 二	李白	导入
0.889	4539e680467d	唐	春思	皇甫冉	导入	b871588b525b	唐	赋得	刘长卿	导入
0.884	85c21eac3dae	唐	郊庙歌辞 武后明堂乐章 登歌	武则天	导入	edc6d4098f6e	唐	唐明堂乐章 登歌	则天皇后	导入
0.881	13acd591aced	唐	相思	王维	导入	4dbf4f2c9d86	唐	相思	王维	精编
0.878	32f59ac30f54	唐	郊庙歌辞 武后大享拜洛乐章 咸和	不详	导入	a5e2e95b90ea	唐	唐大飨拜洛乐章 咸和	则天皇后	导入
0.877	5fbc7df89312	宋	生查子·关山魂梦长	王观	导入	a17ff4ac7ee5	宋	生查子·关山魂梦长	晏几道	导入
0.873	68666bdd8809	先秦	孟子·梁惠王下 其28	孟子	导入	bab292a63343	先秦	孟子·梁惠王下 其30	孟子	导入
0.87	93ef9ee4adb9	唐	舞曲歌辞 功成庆善乐舞词	不详	导入	a153ea339bb7	唐	幸武功庆善宫	太宗皇帝	导入
0.867	5c7a2055ac16	唐	郊庙歌辞 武后大享昊天乐章 一	不详	导入	d124fd2dfe74	唐	唐享昊天乐 第一	则天皇后	导入
0.867	148e845ca565	唐	唐享昊天乐 第三	则天皇后	导入	6648d314c2aa	唐	郊庙歌辞 武后大享昊天乐章 三	不详	导入
0.865	2fd789330685	唐	郊庙歌辞 武后大享昊天乐章 十一	不详	导入	d26caa383ef9	唐	唐享昊天乐 第十一	则天皇后	导入
0.865	055a04afb89a	唐	郊庙歌辞 武后大享拜洛乐章 显和	不详	导入	f4f519c4f546	唐	唐大飨拜洛乐章 显和	则天皇后	导入
0.863	1c3cc21c9ae9	唐	唐大飨拜洛乐章 德和	则天皇后	导入	c78beccc12ba	唐	郊庙歌辞 武后大享拜洛乐章 德和	不详	导入
0.857	102dfb06ef0b	唐	访羊尊师	孙革	导入	3e5aa569e214	唐	寻隐者不遇	贾岛	导入
0.854	59467c4b1586	唐	送李端	严维	导入	a67f557c3a8a	唐	李端公	卢纶	导入
0.853	83acd614dfb1	唐	度南涧	蔡襄	导入	e650a54ebb26	唐	桃花谿	张旭	导入
0.852	2d7968134da1	唐	郊庙歌辞 武后大享拜洛乐章 归和	不详	导入	da56cd460f10	唐	唐大飨拜洛乐章 归和	则天皇后	导入
0.848	58ac644c6ec3	唐	郊庙歌辞 武后大享昊天乐章 五	不详	导入	8972bff13d4b	唐	唐享昊天乐 第五	则天皇后	导入
0.847	1498a5128098	唐	郊庙歌辞 武后大享拜洛乐章 致和	不详	导入	84d79c6fd584	唐	唐大飨拜洛乐章 致和	则天皇后	导入
0.839	d852217fd5fd	唐	唐享昊天乐 第十二	则天皇后	导入	fa44096c5e72	唐	郊庙歌辞 武后大享昊天乐章 十二	不详	导入
0.839	35a00246e04f	唐	郊庙歌辞 武后大享拜洛乐章 九和	不详	导入	7643743d553d	唐	唐大飨拜洛乐章 九和	则天皇后	导入
0.838	c89d89ba76f3	唐	唐享昊天乐 第八	则天皇后	导入	cafdcd4384c3	唐	郊庙歌辞 武后大享昊天乐章 八	不详	导入
0.834	2118ae4ecbe7	宋	木兰花・玉楼春	晏殊	导入	449540cfec92	宋	玉楼春·池塘水绿春微暖	欧阳修	导入
0.833	a6c5619bd7eb	唐	郊庙歌辞 武后大享拜洛乐章 通和	不详	导入	d0ed2436d08b	唐	唐大飨拜洛乐章 通和	则天皇后	导入
0.833	99290de62ef1	唐	郊庙歌辞 武后大享拜洛乐章 敬和	不详	导入	f04f828109f3	唐	唐大飨拜洛乐章 敬和	则天皇后	导入
0.831	53b2eb2bf6b9	唐	郊庙歌辞 武后大享拜洛乐章 昭和	不详	导入	89c48d1fbed1	唐	唐大飨拜洛乐章 昭和	则天皇后	导入
0.828	56a621ba2c84	唐	郊庙歌辞 武后大享拜洛乐章 显和	不详	导入	fa03c7733f89	唐	唐大飨拜洛乐章 拜洛	则天皇后	导入
0.824	273d7dedd9bf	唐	唐大飨拜洛乐章 齐和	则天皇后	导入	c95ca5f3310b	唐	郊庙歌辞 武后大享拜洛乐章 齐和	不详	导入
0.823	af2ad75a1725	唐	郊庙歌辞 武后大享昊天乐章 十	不详	导入	e8008f01642e	唐	唐享昊天乐 第十	则天皇后	导入
0.82	1fe23b7ef6e8	唐	夜上受降城闻笛	李益	导入	9059fb2bf5cf	唐	杂曲歌辞 婆罗门	杨敬述进	导入
0.816	356f33433650	唐	郊庙歌辞 武后大享昊天乐章 二	不详	导入	9d06dc78d0da	唐	唐享昊天乐 第二	则天皇后	导入
0.809	3b39e7821874	唐	郊庙歌辞 武后大享拜洛乐章 禋和	不详	导入	43973dcc98f0	唐	唐大飨拜洛乐章 禋和	则天皇后	导入
0.808	9624b8cb7ca1	唐	郊庙歌辞 武后大享拜洛乐章 昭和	不详	导入	b43ec8192fd0	唐	唐大飨拜洛乐章 昭和	则天皇后	导入
0.8	49dc64c939f0	唐	郊庙歌辞 武后大享拜洛乐章 又归和	不详	导入	ba8d4f576697	唐	唐大飨拜洛乐章 归和	则天皇后	导入
0.799	04a95e7c57ea	唐	郊庙歌辞 封泰山乐章 舒和	张说	导入	3688e9a8e85d	唐	郊庙歌辞 享太庙乐章 舒和	张说	导入
0.796	0100fb214a0c	唐	唐享昊天乐 第六	则天皇后	导入	edcdfc6338c1	唐	郊庙歌辞 武后大享昊天乐章 六	不详	导入
0.789	60ac15ce9b2a	唐	郊庙歌辞 祀圜丘乐章 寿和	褚亮	导入	eb048e433a43	唐	郊庙歌辞 享太庙乐章 寿和	魏征、褚亮	导入
0.785	1cf389bab3e8	唐	唐享昊天乐 第九	则天皇后	导入	2d53b585fa4c	唐	郊庙歌辞 武后大享昊天乐章 九	不详	导入
0.776	076eea7732df	唐	中春麟德殿会百僚观新乐诗一章章十六句	德宗皇帝	导入	7f4f027c0621	唐	舞曲歌辞 中和乐舞词	不详	导入
0.771	79c12feab795	宋	玉楼春·燕鸿过後春归去	欧阳修	导入	94a357054605	宋	木兰花・玉楼春	晏殊	导入
0.77	4b409ba47acb	宋	诉衷情	张先	导入	ffceb2b49f9d	宋	诉衷情	晏殊	导入
0.764	9ec4d839f620	先秦	孟子·梁惠王下 其17	孟子	导入	bab292a63343	先秦	孟子·梁惠王下 其30	孟子	导入
0.761	06ebb6865b1b	先秦	论语·颜渊篇 其15	孔子及弟子	导入	96dcebcfeb72	先秦	论语·雍也篇 其27	孔子及弟子	导入
0.752	68666bdd8809	先秦	孟子·梁惠王下 其28	孟子	导入	9ec4d839f620	先秦	孟子·梁惠王下 其17	孟子	导入
0.738	cfcc4e7b50fa	先秦	论语·先进篇 其7	孔子及弟子	导入	da7d20bb5672	先秦	论语·雍也篇 其3	孔子及弟子	导入
0.722	2a5597e36409	先秦	孟子·梁惠王上 其42	孟子	导入	d72ca22a7591	先秦	孟子·梁惠王上 其48	孟子	导入
0.714	3e2e145b3617	唐	郊庙歌辞 武后大享昊天乐章 七	不详	导入	5e3ccfaa9a96	唐	唐享昊天乐 第七	则天皇后	导入
0.71	444a29ba9118	五代	柳枝·风情渐老见春羞	李煜	导入	53245b0c63fc	唐	赐宫人庆奴	后主煜	导入
0.709	8b102ddd9a5a	唐	郊庙歌辞 享太庙乐章 雍和二章 二	张说	导入	b9ee62d36041	唐	郊庙歌辞 封泰山乐章 雍和	张说	导入
0.7	5226b23e48e2	唐	春怨	金昌绪	导入	9b42b1875908	唐	颂古三十二首  其二三	释明辩	导入
0.697	17ad9212dbd2	唐	集灵台二首 二	张祜	导入	5741e900317a	唐	虢国夫人	杜甫	导入
0.693	5c626f85ff09	先秦	论语·卫灵公篇 其13	孔子及弟子	导入	c9827c785225	先秦	论语·子罕篇 其18	孔子及弟子	导入
0.674	5e9961c86fa6	唐	凉州词二首 一	王之涣	导入	d49251ebd5a7	唐	横吹曲辞 出塞	王之涣	导入
0.661	0ca3887ee6a2	先秦	论语·里仁篇 其20	孔子及弟子	导入	74f7285f01be	先秦	论语·学而篇 其11	孔子及弟子	导入
0.658	5d7dbfb796bb	先秦	论语·颜渊篇 其13	孔子及弟子	导入	d45120126467	先秦	大学·大学 其8	曾子（传）	导入
0.646	7ac589af2fa9	先秦	论语·学而篇 其8	孔子及弟子	导入	c00e25454d22	先秦	论语·子罕篇 其25	孔子及弟子	导入
0.618	26d98203ff40	先秦	孟子·滕文公下 其6	孟子	导入	a8f1b19615aa	先秦	孟子·滕文公下 其9	孟子	导入
0.577	08f57541acae	先秦	孟子·公孙丑下 其54	孟子	导入	fca864b1d628	先秦	孟子·公孙丑下 其52	孟子	导入
0.574	aac44ab70b35	先秦	孟子·梁惠王上 其23	孟子	导入	f55675a45fdd	先秦	孟子·梁惠王上 其30	孟子	导入
0.572	d237c3cfb2c0	先秦	孟子·公孙丑下 其34	孟子	导入	e2e77f97e3ce	先秦	孟子·公孙丑下 其37	孟子	导入
